gender,name,email
male,Marcel Eskeland,marcel.eskeland@example.com
male,Rafael Medina,rafael.medina@example.com
male,Take Vlak,take.vlak@example.com
male,Gökhan Erçetin,gokhan.ercetin@example.com
male,Tjomme Groenink,tjomme.groenink@example.com
male,Maxim Lemaire,maxim.lemaire@example.com
male,Koray Nieuwenhuijsen,koray.nieuwenhuijsen@example.com
male,Hector Payne,hector.payne@example.com
male,Bernard Deckert,bernard.deckert@example.com
male,Antonin Carpentier,antonin.carpentier@example.com
male,Loet Stouthart,loet.stouthart@example.com
male,Aaron Nelson,aaron.nelson@example.com
male,Miodrag StanićStanković,miodrag.stanicstankovic@example.com
male,Hugo Anderson,hugo.anderson@example.com
male,Reinald Kalb,reinald.kalb@example.com
male,Grgur Mišković,grgur.miskovic@example.com
male,Andrzej Tauber,andrzej.tauber@example.com
male,Billy Hopkins,billy.hopkins@example.com
male,Jared Lane,jared.lane@example.com
male,محمدعلی علیزاده,mhmdaaly.aalyzdh@example.com
male,Mile Raspopović,mile.raspopovic@example.com
male,Alexandre Thompson,alexandre.thompson@example.com
male,Eric Smith,eric.smith@example.com
male,Alfredo Peterson,alfredo.peterson@example.com
male,Steinar Frostad,steinar.frostad@example.com
male,Vital Araújo,vital.araujo@example.com
male,Gligorije Đokić,gligorije.dokic@example.com
male,Jayden Stanley,jayden.stanley@example.com
male,Aapo Kokko,aapo.kokko@example.com
male,Elias Aalto,elias.aalto@example.com
male,Nelly Lomeli,nelly.lomeli@example.com
male,José Rocha,jose.rocha@example.com
male,Alex Moulin,alex.moulin@example.com
male,Avgustin Kotik,avgustin.kotik@example.com
male,Jesse Thomas,jesse.thomas@example.com
male,Mapril Nogueira,mapril.nogueira@example.com
male,Jordi Vázquez,jordi.vazquez@example.com
male,Miguel Austin,miguel.austin@example.com
male,Jorge Puente,jorge.puente@example.com
male,Khaled Tempelman,khaled.tempelman@example.com
male,مهراد گلشن,mhrd.glshn@example.com
male,Yonathan Vermaat,yonathan.vermaat@example.com
male,Ceyhun Tunçeri,ceyhun.tunceri@example.com
male,Arttu Huotari,arttu.huotari@example.com
male,Yatan Chatterjee,yatan.chatterjee@example.com
male,Eino Kangas,eino.kangas@example.com
male,Jimi Halla,jimi.halla@example.com
male,Matias Kurtti,matias.kurtti@example.com
male,Rómulo da Rocha,romulo.darocha@example.com
male,Ethan Fabre,ethan.fabre@example.com
male,Milenko Aleksić,milenko.aleksic@example.com
male,Albert Hale,albert.hale@example.com
male,Kent Grønnevik,kent.gronnevik@example.com
male,Paul Hughes,paul.hughes@example.com
male,Sergio Carter,sergio.carter@example.com
male,Andrea Lopez,andrea.lopez@example.com
male,Emilio Vega,emilio.vega@example.com
male,Alvin Jensen,alvin.jensen@example.com
male,Bachittar Bhat,bachittar.bhat@example.com
male,Urs Ludewig,urs.ludewig@example.com
male,Benjamin Osullivan,benjamin.osullivan@example.com
male,George Herrera,george.herrera@example.com
male,William King,william.king@example.com
male,Celso da Conceição,celso.daconceicao@example.com
male,José Torres,jose.torres@example.com
male,حامد کامروا,hmd.khmrw@example.com
male,Zborislav Lyashchuk,zborislav.lyashchuk@example.com
male,Mason Suiker,mason.suiker@example.com
male,آرش رضاییان,arsh.rdyyn@example.com
male,Arman Milde,arman.milde@example.com
male,Angelino Mendes,angelino.mendes@example.com
male,Timothy Farragher,timothy.farragher@example.com
male,محمدمهدی کریمی,mhmdmhdy.khrymy@example.com
male,Mario Klaas,mario.klaas@example.com
male,Cecil Simmmons,cecil.simmmons@example.com
male,Ramon Gutiérrez,ramon.gutierrez@example.com
male,Eddie Lee,eddie.lee@example.com
male,Isaac Horton,isaac.horton@example.com
male,Ahmet Aykaç,ahmet.aykac@example.com
male,Gerardo Navarrete,gerardo.navarrete@example.com
male,Cooper Johnson,cooper.johnson@example.com
male,Amon Vu,amon.vu@example.com
male,Munir Viana,munir.viana@example.com
male,Seine Van der Meer,seine.vandermeer@example.com
male,Patric Selle,patric.selle@example.com
male,Aldo Legrand,aldo.legrand@example.com
male,Veljko Mitrović,veljko.mitrovic@example.com
male,Jesper Muren,jesper.muren@example.com
male,Elijah Riley,elijah.riley@example.com
male,Timoteo Dueñas,timoteo.duenas@example.com
male,بنیامین کوتی,bnymyn.khwty@example.com
male,Lian Gonzalez,lian.gonzalez@example.com
male,Roland Cunningham,roland.cunningham@example.com
male,Eelis Kilpela,eelis.kilpela@example.com
male,Dawid Eikrem,dawid.eikrem@example.com
male,Hansjürgen Kopf,hansjurgen.kopf@example.com
male,Samu Kurtti,samu.kurtti@example.com
male,Simon White,simon.white@example.com
male,Glen Shelton,glen.shelton@example.com
male,Zlatan Žigić,zlatan.zigic@example.com
